{
  "majority_global": {
    "acc": 0.3053579895685159,
    "macroF1": 0.09357065019978206,
    "MAE": 0.7354196301564723,
    "QWK": 0.0
  },
  "majority_per_area": {
    "acc": 0.39260312944523473,
    "macroF1": 0.20008062761028883,
    "MAE": 0.7553342816500711,
    "QWK": 0.0895349585128965
  },
  "persistence": {
    "acc": 0.7192982456140351,
    "macroF1": 0.4556162360805455,
    "MAE": 0.32906590801327645,
    "QWK": 0.6587704965742034
  }
}